sample_index,variant_index,pitch,setting,sampler,n_steps,guidance_scale,target_harmonic,off_target_harmonic,target_ratio,margin_ratio,sample_std,sample_absmax,finite,artifact_penalty,total_score,selected
0,1,48,heun_50_gs5,heun,50,5.0,0.827794105139437,0.8368100365653393,2.2858175732823063,-0.010774167283134206,0.6421424746513367,5.768817901611328,True,0.0,5.698382682281065,True
1,1,49,heun_50_gs5,heun,50,5.0,1.1205166644716966,1.1352000258992043,2.0711763021986704,-0.012934602680730935,0.8371859192848206,7.810580253601074,True,0.0,5.15853885147558,True
2,1,50,heun_50_gs5,heun,50,5.0,0.833351415755021,0.8978168479749954,2.1190450721511658,-0.07180243013633605,0.6854894161224365,5.980175971984863,True,0.0,5.189909035173411,True
3,1,51,heun_50_gs5,heun,50,5.0,1.0579270852516582,1.13081276636007,2.086964405033264,-0.06445424267580412,0.841276228427887,7.758022308349609,True,0.0,5.120729648569453,True
4,0,52,heun_50_gs5,heun,50,5.0,1.0185006819005231,1.0233316575991789,1.9225240927313394,-0.004720830842643256,0.7593399286270142,6.994665622711182,True,0.0,4.799228985564383,True
5,2,53,heun_50_gs5,heun,50,5.0,0.8569548037799944,0.8857358477954641,2.1368827102374612,-0.032493935705734785,0.6853499412536621,7.173144817352295,True,0.0,5.293465872035051,True
6,1,54,heun_50_gs5,heun,50,5.0,1.3395569654832087,1.3735231987661043,1.7787356083072865,-0.02472927509787691,0.9680138230323792,8.841068267822266,True,0.0,4.409745108121401,True
7,2,55,heun_50_gs5,heun,50,5.0,0.7782378070722582,0.7798317500690187,2.271172578094,-0.0020439575282487224,0.6310515403747559,8.176834106445312,True,0.0,5.674865508942627,True
8,2,56,heun_50_gs5,heun,50,5.0,0.9372168147936019,0.9164786229378208,2.2279511038682,0.02262812367954908,0.72226881980896,8.028725624084473,True,0.0,5.603819945189824,True
9,2,57,heun_50_gs5,heun,50,5.0,0.7122690102408299,0.7220019856955889,2.445062948098332,-0.013480538160261077,0.6240153312683105,6.958784580230713,True,0.0,6.092436563005438,True
10,0,58,heun_50_gs5,heun,50,5.0,0.823883957863968,0.8181169810548748,2.4154657701054574,0.007049085732417318,0.6685075759887695,7.09122371673584,True,0.0,6.049238053862269,True
11,0,59,heun_50_gs5,heun,50,5.0,1.3197379292599107,1.3200833027499654,2.041376035908422,-0.00026163007040459253,0.9038592576980591,9.113118171691895,True,0.0,5.103047644665448,True
12,0,60,heun_50_gs5,heun,50,5.0,0.8473825533905057,0.8645960653019524,2.636273120567566,-0.01990931072111916,0.6611682176589966,8.21540355682373,True,0.0,6.560818835337236,True
13,1,61,heun_50_gs5,heun,50,5.0,0.8509505389138563,0.8533428287476008,2.573577568981955,-0.002803433421033365,0.6743984818458557,7.26837158203125,True,0.0,6.429738772323338,True
14,2,62,heun_50_gs5,heun,50,5.0,1.1664938023089422,1.160031815110961,2.6747080771116747,0.005570525789120552,0.8413034081459045,8.396358489990234,True,0.0,6.695125981462867,True
15,0,63,heun_50_gs5,heun,50,5.0,1.4511043077609451,1.2360171402899933,2.8987874898136683,0.17401632932074465,0.8894733190536499,7.600748062133789,True,0.0,7.507993218515288,True
16,2,64,heun_50_gs5,heun,50,5.0,1.0296702367314285,0.9976534416554902,2.9302456451376018,0.03209210074180588,0.7294522523880005,8.452193260192871,True,0.0,7.373752263956713,True
17,0,65,heun_50_gs5,heun,50,5.0,1.134737791535522,1.0431899567044982,3.1120973538117176,0.08775758754680989,0.7541570663452148,8.74442195892334,True,0.0,7.911879765849509,True
18,2,66,heun_50_gs5,heun,50,5.0,1.4783715098003363,1.3426585919037377,2.6527601997276378,0.10107775550998074,0.9020052552223206,8.820097923278809,True,0.0,6.783517132584065,True
19,1,67,heun_50_gs5,heun,50,5.0,1.148829720684146,1.1004482551864327,2.725324690236831,0.04396523401262913,0.7292970418930054,7.125791549682617,True,0.0,6.879259576611021,True
20,1,68,heun_50_gs5,heun,50,5.0,1.5363461372359455,1.5612018153158118,3.186412846790853,-0.015920861529122497,1.0013093948364258,11.018820762634277,True,0.0,7.9421508246834485,True
21,2,69,heun_50_gs5,heun,50,5.0,1.2164449953550556,1.163438613636074,3.7315411553750866,0.04556010144593769,0.7244982719421387,7.687784671783447,True,0.0,9.397193040606622,True
22,1,70,rk4_50_gs65,rk4,50,6.5,1.9373469150437321,1.7722675064753362,3.5628361059308897,0.09314587500689732,1.1702616214752197,12.095792770385742,True,0.0,9.04680907733757,True
23,2,71,heun_50_gs5,heun,50,5.0,1.4950967915212066,1.3783862481776006,3.356770684227737,0.084671870929642,0.8260805606842041,8.749166488647461,True,0.0,8.518934516963807,True
24,1,72,heun_50_gs5,heun,50,5.0,1.2793142404491642,1.1708071651549279,2.842278283005456,0.09267715264887921,0.6772375106811523,6.353958606719971,True,0.0,7.244711436486958,True
25,2,73,heun_50_gs5,heun,50,5.0,1.1266319474178421,1.0390186314434375,3.7517319202375345,0.08432314154892294,0.6273372769355774,8.48715877532959,True,0.0,9.50581451291722,True
26,2,74,heun_50_gs5,heun,50,5.0,1.307629013713226,1.2975583416064618,3.675283219123938,0.0077612479579790145,0.7565159201622009,10.439255714416504,True,0.0,9.199849919746812,True
27,1,75,heun_50_gs5,heun,50,5.0,1.8863640222176252,1.4808340098330477,3.801749557625418,0.27385244190317687,0.8823421597480774,8.590264320373535,True,0.0,9.91515255691831,True
28,2,76,heun_50_gs5,heun,50,5.0,1.1331809708928804,1.114265887107754,3.573826652828299,0.016975377092867488,0.615850031375885,6.85919713973999,True,0.0,8.960029697710048,True
29,0,77,heun_50_gs5,heun,50,5.0,1.3723032086442228,1.3518011291049163,3.422187483104447,0.015166490799735362,0.7643160223960876,9.469583511352539,True,0.0,8.578218443960722,True
30,2,78,heun_50_gs5,heun,50,5.0,1.7098528738381507,1.3381114182439764,4.68388031782004,0.27781053785783455,0.8552617430686951,10.600202560424805,True,0.0,12.126416601336851,True
31,2,79,heun_50_gs5,heun,50,5.0,1.2243470743752198,1.2066424037466872,4.1130408301290595,0.014672673881534405,0.6326632499694824,7.453011512756348,True,0.0,10.30461108614495,True
32,2,80,rk4_32_gs6,rk4,32,6.0,1.041277577967563,0.9875349544603084,3.502016647352715,0.05442098299438451,0.6424883604049683,10.280243873596191,True,0.0,8.836673092873363,True
33,2,81,heun_50_gs5,heun,50,5.0,1.1529212599861982,0.9805372436754173,4.66146466530328,0.17580567761665525,0.5744685530662537,8.103734016418457,True,0.0,11.91737017968318,True
34,0,82,heun_50_gs5,heun,50,5.0,1.5830728280566573,1.235583873929841,4.79922234936748,0.2812346119484894,0.7380397915840149,8.477989196777344,True,0.0,12.419907791341434,True
35,1,83,heun_50_gs5,heun,50,5.0,1.506807068025888,1.2234114037445547,3.967265852117382,0.23164379627122367,0.7164631485939026,9.668303489685059,True,0.0,10.26563032470029,True
36,0,48,heun_50_gs5,heun,50,5.0,0.9156259756852997,0.9325968229114772,2.0849199054193672,-0.0181974103141613,0.6983193159103394,6.330737590789795,True,0.0,5.185003648077176,True
37,2,49,heun_50_gs5,heun,50,5.0,0.8989042211568327,0.9310505694012869,2.3024762233571225,-0.03452696228933773,0.7283763289451599,7.617183208465576,True,0.0,5.7044001149587995,True
38,1,50,heun_50_gs5,heun,50,5.0,0.8845305482169138,0.9460339083741007,2.1997869576101188,-0.06501179182125896,0.7440393567085266,6.162879467010498,True,0.0,5.401949706293409,True
39,0,51,heun_50_gs5,heun,50,5.0,1.0683270116789965,1.1461633637702968,2.2347132997436847,-0.06791034670324371,0.8934394121170044,8.909128189086914,True,0.0,5.484917729304346,True
40,2,52,heun_50_gs5,heun,50,5.0,0.9702412568102023,0.980144450190478,2.151196486592953,-0.010103809981593043,0.7953655123710632,9.15870189666748,True,0.0,5.362835501509993,True
41,1,53,heun_50_gs5,heun,50,5.0,0.9740345001997381,0.994498072547318,1.9771787334045487,-0.020576784115223512,0.7284678220748901,7.70055627822876,True,0.0,4.912081657338537,True
42,2,54,heun_50_gs5,heun,50,5.0,1.3440798811352097,1.3969448870622012,1.935609477767093,-0.03784330079029424,0.9632778763771057,7.378885269165039,True,0.0,4.7822587432322905,True
43,2,55,heun_50_gs5,heun,50,5.0,0.9118855511664918,0.9085064397949123,2.010121164747498,0.0037194137392666184,0.6710728406906128,7.473837375640869,True,0.0,5.0308820324776455,True
44,0,56,heun_50_gs5,heun,50,5.0,0.9592291516883453,0.9390766221051762,2.234630649431719,0.021459941493797152,0.7526242136955261,7.695112228393555,True,0.0,5.618766535819994,True
45,1,57,heun_50_gs5,heun,50,5.0,0.7893200018497855,0.8036116202559953,2.5704364554187062,-0.017784235404429336,0.7146602869033813,8.10943603515625,True,0.0,6.399414785440122,True
46,2,58,heun_50_gs5,heun,50,5.0,0.8477976804951135,0.841353297068711,2.510248743006286,0.007659544893042451,0.6994039416313171,5.98629093170166,True,0.0,6.287111174855279,True
47,0,59,heun_50_gs5,heun,50,5.0,1.216770115236451,1.197300071143435,2.085578612870015,0.01626162429924994,0.8576471209526062,8.119205474853516,True,0.0,5.238338968623913,True
48,1,60,heun_50_gs5,heun,50,5.0,0.814184170316668,0.8424512110964455,2.618562033503409,-0.03355332637893039,0.6833563446998596,9.107538223266602,True,0.0,6.496075094190127,True
49,2,61,heun_50_gs5,heun,50,5.0,0.9220274331960943,0.8780502862279026,2.638327154179088,0.05008499758740148,0.6946293115615845,7.730592250823975,True,0.0,6.6709453818288225,True
50,1,62,heun_50_gs5,heun,50,5.0,1.208920096248011,1.2165382032899887,2.802471325278483,-0.0062621189854575555,0.9063034057617188,12.891854286193848,True,0.0,6.996785134718021,True
51,2,63,heun_50_gs5,heun,50,5.0,1.4245230336677925,1.276837436351452,2.802842556029323,0.11566515200376548,0.9042800664901733,8.38776683807373,True,0.0,7.180604118078955,True
52,1,64,heun_50_gs5,heun,50,5.0,1.1350977925337358,1.076845991785338,2.925426473027216,0.054094829392336806,0.7953832745552063,9.156722068786621,True,0.0,7.394708426656544,True
53,0,65,heun_50_gs5,heun,50,5.0,1.1405495052263268,1.0484393801312721,2.912121326431432,0.08785450638545908,0.7509132027626038,9.362892150878906,True,0.0,7.412085075656769,True
54,0,66,heun_50_gs5,heun,50,5.0,1.1738637355455424,1.171082469049973,2.68009592907113,0.0023749535539337777,0.816171407699585,7.554719924926758,True,0.0,6.703802253008725,True
55,0,67,heun_50_gs5,heun,50,5.0,0.9033154853293467,0.958748718329674,3.0607744274351787,-0.05781831189169111,0.705917477607727,7.980186462402344,True,0.0,7.5652086007504105,True
56,0,68,heun_50_gs5,heun,50,5.0,1.3747622830482153,1.3750847549438816,3.340345506527097,-0.00023451055810324144,0.9549815058708191,12.056325912475586,True,0.0,8.350512000480586,True
57,1,69,heun_50_gs5,heun,50,5.0,1.2699950790300178,1.2740971284428895,3.1348211499446825,-0.003219573523165474,0.7773451805114746,10.381484985351562,True,0.0,7.832223514576959,True
58,0,70,rk4_32_gs6,rk4,32,6.0,1.6041946691354765,1.5497133388640325,3.357470907322509,0.03515574690724563,1.0419687032699585,11.04270076751709,True,0.0,8.44641088866714,True
59,1,71,heun_50_gs5,heun,50,5.0,1.6412613040716886,1.3339532781377013,3.007267789746183,0.23037390339433278,0.8435938954353333,7.235151290893555,True,0.0,7.863730329456956,True
60,1,72,heun_50_gs5,heun,50,5.0,1.3378416422467152,1.1795917956855826,3.0876066429831495,0.1341564478477852,0.6782459616661072,6.584088325500488,True,0.0,7.920251279229552,True
61,0,73,heun_50_gs5,heun,50,5.0,1.135809797183768,1.0824407823980777,3.531025695615767,0.04930432699922055,0.6717000007629395,8.5505952835083,True,0.0,8.901520729538248,True
62,0,74,heun_50_gs5,heun,50,5.0,1.5496095741033273,1.4651619654883892,3.9010572677915762,0.057637046297757524,0.8534841537475586,9.166031837463379,True,0.0,9.839098738925577,True
63,1,75,heun_50_gs5,heun,50,5.0,1.510937741777643,1.275706231183418,3.9399419119580994,0.1843931643510742,0.8236313462257385,12.4402494430542,True,0.0,10.12644452642186,True
64,1,76,heun_50_gs5,heun,50,5.0,1.2286339242834676,1.1681751441315387,3.576071928703953,0.05175489303817293,0.6183568835258484,6.447268486022949,True,0.0,9.017812161317142,True
65,2,77,heun_50_gs5,heun,50,5.0,1.5764783530888713,1.4291882862924912,4.250171160521937,0.10305854531447717,0.7912747859954834,9.965039253234863,True,0.0,10.780015719276559,True
66,0,78,heun_50_gs5,heun,50,5.0,1.5583891690874754,1.319067208212632,3.7167454609789647,0.1814327257705111,0.8462960124015808,10.987894058227539,True,0.0,9.564012741103177,True
67,2,79,heun_50_gs5,heun,50,5.0,1.0651253444196982,1.024330468379035,3.6774327773642654,0.03982589301181343,0.5537040829658508,7.23579216003418,True,0.0,9.253320782928384,True
68,0,80,heun_50_gs5,heun,50,5.0,1.2499112254423523,1.2005805057106966,3.5209585757133817,0.04108905574105028,0.625408411026001,7.503854274749756,True,0.0,8.86403002289503,True
69,0,81,heun_50_gs5,heun,50,5.0,1.6904878732716622,1.3351106119582181,4.193823849815051,0.2661781394505043,0.7480990886688232,9.516414642333984,True,0.0,10.883826833713384,True
70,1,82,heun_50_gs5,heun,50,5.0,1.4505130323581166,1.0780861742983257,4.481139503597976,0.3454518418693823,0.7046815752983093,9.990354537963867,True,0.0,11.721026521799015,True
71,1,83,heun_50_gs5,heun,50,5.0,1.4484935201381455,1.3632322363050335,4.014665560437526,0.06254347640631887,0.7153705358505249,8.933008193969727,True,0.0,10.130479115703292,True
72,1,48,heun_50_gs5,heun,50,5.0,0.8060954774991056,0.8172287211506504,2.3645489196468494,-0.01362316720787493,0.657122790813446,6.883256435394287,True,0.0,5.8909375483053115,True
73,0,49,heun_50_gs5,heun,50,5.0,0.9490252629393162,0.9556652054148401,2.3084030951770993,-0.006947979656915322,0.746725857257843,7.0711989402771,True,0.0,5.760585768457375,True
74,1,50,heun_50_gs5,heun,50,5.0,0.834863590880682,0.8970237421521898,2.231436981581802,-0.06929599257808919,0.7202367782592773,5.906986236572266,True,0.0,5.474648465087371,True
75,2,51,heun_50_gs5,heun,50,5.0,1.1070171697168056,1.1531485880849914,2.0980112781640035,-0.040004747388840634,0.8598678112030029,6.888900279998779,True,0.0,5.185021074326747,True
76,1,52,heun_50_gs5,heun,50,5.0,1.0902235716267794,1.0996230918160543,1.9905585446854903,-0.00854794717731138,0.8426751494407654,7.666224479675293,True,0.0,4.963574440947759,True
77,1,53,heun_50_gs5,heun,50,5.0,0.8333568366284071,0.8556635441299317,2.1114493367271816,-0.026069484196048136,0.6596583127975464,7.881923675537109,True,0.0,5.239519115523882,True
78,0,54,heun_50_gs5,heun,50,5.0,1.2808625019364699,1.3057483713823668,1.801738827056749,-0.019058702121116752,0.9266873598098755,7.306814670562744,True,0.0,4.4757590144601975,True
79,0,55,heun_50_gs5,heun,50,5.0,0.8411399108765892,0.844527508312918,2.2349380622102584,-0.004011233930063109,0.64803147315979,6.346153259277344,True,0.0,5.581328304630551,True
80,1,56,heun_50_gs5,heun,50,5.0,0.9072271657808197,0.9069220019748879,2.3651877158541734,0.00033648296314619413,0.7269744277000427,7.688962459564209,True,0.0,5.913474014080153,True
81,0,57,heun_50_gs5,heun,50,5.0,0.7873914871241511,0.7927834897172482,2.5663687049041397,-0.006801355723246295,0.6884540915489197,7.057400226593018,True,0.0,6.4057197286754795,True
82,0,58,heun_50_gs5,heun,50,5.0,0.8527399105367814,0.8437228639874356,2.34771527920244,0.010687213571360581,0.7486082315444946,9.357134819030762,True,0.0,5.88531901836314,True
83,0,59,heun_50_gs5,heun,50,5.0,1.2928417217659882,1.3203644678827557,2.13973251236938,-0.020844809579322433,0.9208868145942688,9.33594036102295,True,0.0,5.318064066554466,True
84,0,60,heun_50_gs5,heun,50,5.0,0.9992607704483506,0.9418250012346068,2.41106964115694,0.06098348263065684,0.6892959475517273,6.208614826202393,True,0.0,6.119149326838335,True
85,0,61,heun_50_gs5,heun,50,5.0,0.9722031858570359,0.9414648321613422,2.5728434116150622,0.03264949716563704,0.7112739682197571,7.82189416885376,True,0.0,6.4810827747861115,True
86,0,62,heun_50_gs5,heun,50,5.0,1.2838597346776062,1.248467651713713,2.7387224066461324,0.028348417863953423,0.909400463104248,9.547204971313477,True,0.0,6.889328643411261,True
87,2,63,heun_50_gs5,heun,50,5.0,1.4437402817983354,1.2735015932848868,2.7667225477863906,0.13367763972525254,0.8961181640625,7.823194980621338,True,0.0,7.1173228290538555,True
88,1,64,heun_50_gs5,heun,50,5.0,1.0901256357198295,1.025390659460334,3.0352536152947414,0.06313201220522686,0.7395991683006287,8.242082595825195,True,0.0,7.682832056544694,True
89,1,65,heun_50_gs5,heun,50,5.0,1.2140497032990778,1.1169359699655137,3.0529787460458113,0.08694655295871351,0.8114975094795227,8.853508949279785,True,0.0,7.762866694552598,True
90,1,66,heun_50_gs5,heun,50,5.0,1.425343410492429,1.3450823233113096,2.6172195049913576,0.059670018104790244,0.899821937084198,8.177579879760742,True,0.0,6.63255378963558,True
91,1,67,heun_50_gs5,heun,50,5.0,1.1964564626085696,1.1119941783665115,2.685393913189693,0.07595568855097247,0.7347065210342407,7.342687129974365,True,0.0,6.827418315800691,True
92,0,68,heun_50_gs5,heun,50,5.0,1.206582864039437,1.2054121044299775,3.4045603964120716,0.0009712525661923387,0.8609038591384888,11.443100929260254,True,0.0,8.512857869879467,True
93,1,69,heun_50_gs5,heun,50,5.0,1.1869754360498026,1.105408908715314,3.3971790015701506,0.07378855548703521,0.7112918496131897,10.029969215393066,True,0.0,8.60363033715593,True
94,2,70,heun_50_gs5,heun,50,5.0,1.6181193123975497,1.4840994534303518,3.430361344260862,0.09030382549793801,1.009093165397644,11.136331558227539,True,0.0,8.711359098899063,True
95,1,71,heun_50_gs5,heun,50,5.0,1.4725757426610384,1.2755774389120909,3.0698735642820707,0.15443852814814393,0.8218991160392761,9.011564254760742,True,0.0,7.906341702927393,True
96,0,72,heun_50_gs5,heun,50,5.0,1.0367815638753453,1.0211614011022336,3.1165596182582167,0.015296467926898396,0.6047062873840332,6.3492279052734375,True,0.0,7.814343747535889,True
97,0,73,heun_50_gs5,heun,50,5.0,1.3756809798872607,1.2623040051330534,3.4692236749508933,0.0898174872257352,0.7304977774620056,7.973187446594238,True,0.0,8.807785418215836,True
98,0,74,heun_50_gs5,heun,50,5.0,1.3790580376279298,1.257914822352389,4.082428614552766,0.09630478324911268,0.7495133876800537,9.11214828491211,True,0.0,10.350528711255585,True
99,0,75,heun_50_gs5,heun,50,5.0,1.6758016908041269,1.5424299505513197,3.2794588859989524,0.08646858765965318,0.8873480558395386,9.201793670654297,True,0.0,8.328350096486862,True
